{
  "id": "95b1ee34-df08-4238-94fc-3feaa0383c5d",
  "prevId": "00000000-0000-0000-0000-000000000000",
  "version": "7",
  "dialect": "postgresql",
  "tables": {
    "public.applied_user": {
      "name": "applied_user",
      "schema": "",
      "columns": {
        "id": {
          "name": "id",
          "type": "serial",
          "primaryKey": true,
          "notNull": true
        },
        "full_name": {
          "name": "full_name",
          "type": "varchar(255)",
          "primaryKey": false,
          "notNull": true
        },
        "father_name": {
          "name": "father_name",
          "type": "varchar(255)",
          "primaryKey": false,
          "notNull": true
        },
        "cnic": {
          "name": "cnic",
          "type": "bigint",
          "primaryKey": false,
          "notNull": true
        },
        "phone_number": {
          "name": "phone_number",
          "type": "bigint",
          "primaryKey": false,
          "notNull": true
        },
        "city": {
          "name": "city",
          "type": "varchar(255)",
          "primaryKey": false,
          "notNull": true
        },
        "email": {
          "name": "email",
          "type": "varchar(255)",
          "primaryKey": false,
          "notNull": true
        },
        "gender": {
          "name": "gender",
          "type": "varchar(255)",
          "primaryKey": false,
          "notNull": true
        },
        "date_of_birth": {
          "name": "date_of_birth",
          "type": "date",
          "primaryKey": false,
          "notNull": true
        },
        "highest_qualification": {
          "name": "highest_qualification",
          "type": "text",
          "primaryKey": false,
          "notNull": true
        },
        "created_at": {
          "name": "created_at",
          "type": "timestamp",
          "primaryKey": false,
          "notNull": false,
          "default": "now()"
        },
        "updated_at": {
          "name": "updated_at",
          "type": "timestamp",
          "primaryKey": false,
          "notNull": false,
          "default": "now()"
        }
      },
      "indexes": {
        "unique_idx": {
          "name": "unique_idx",
          "columns": [
            {
              "expression": "cnic",
              "isExpression": false,
              "asc": true,
              "nulls": "last"
            },
            {
              "expression": "phone_number",
              "isExpression": false,
              "asc": true,
              "nulls": "last"
            },
            {
              "expression": "email",
              "isExpression": false,
              "asc": true,
              "nulls": "last"
            }
          ],
          "isUnique": true,
          "concurrently": false,
          "method": "btree",
          "with": {}
        },
        "idx_sort_id": {
          "name": "idx_sort_id",
          "columns": [
            {
              "expression": "id",
              "isExpression": false,
              "asc": false,
              "nulls": "last"
            }
          ],
          "isUnique": false,
          "concurrently": false,
          "method": "btree",
          "with": {}
        }
      },
      "foreignKeys": {},
      "compositePrimaryKeys": {},
      "uniqueConstraints": {}
    },
    "public.otp_codes": {
      "name": "otp_codes",
      "schema": "",
      "columns": {
        "email": {
          "name": "email",
          "type": "varchar(255)",
          "primaryKey": false,
          "notNull": true
        },
        "code": {
          "name": "code",
          "type": "integer",
          "primaryKey": false,
          "notNull": true
        },
        "expiry_date": {
          "name": "expiry_date",
          "type": "timestamp",
          "primaryKey": false,
          "notNull": true,
          "default": "'2024-08-27 09:57:52.304'"
        }
      },
      "indexes": {
        "otp_codes_email_index": {
          "name": "otp_codes_email_index",
          "columns": [
            {
              "expression": "email",
              "isExpression": false,
              "asc": true,
              "nulls": "last"
            }
          ],
          "isUnique": true,
          "concurrently": false,
          "method": "btree",
          "with": {}
        }
      },
      "foreignKeys": {},
      "compositePrimaryKeys": {},
      "uniqueConstraints": {}
    },
    "public.experiences": {
      "name": "experiences",
      "schema": "",
      "columns": {
        "id": {
          "name": "id",
          "type": "serial",
          "primaryKey": true,
          "notNull": true
        },
        "title": {
          "name": "title",
          "type": "varchar(255)",
          "primaryKey": false,
          "notNull": true
        },
        "industry": {
          "name": "industry",
          "type": "varchar(255)",
          "primaryKey": false,
          "notNull": true
        },
        "company_name": {
          "name": "company_name",
          "type": "varchar(255)",
          "primaryKey": false,
          "notNull": true
        },
        "years_of_experience": {
          "name": "years_of_experience",
          "type": "varchar(255)",
          "primaryKey": false,
          "notNull": true
        },
        "created_at": {
          "name": "created_at",
          "type": "timestamp",
          "primaryKey": false,
          "notNull": false,
          "default": "now()"
        },
        "updated_at": {
          "name": "updated_at",
          "type": "timestamp",
          "primaryKey": false,
          "notNull": false,
          "default": "now()"
        }
      },
      "indexes": {},
      "foreignKeys": {},
      "compositePrimaryKeys": {},
      "uniqueConstraints": {}
    },
    "public.entrance_exam_result": {
      "name": "entrance_exam_result",
      "schema": "",
      "columns": {
        "id": {
          "name": "id",
          "type": "serial",
          "primaryKey": true,
          "notNull": true
        },
        "status": {
          "name": "status",
          "type": "varchar(50)",
          "primaryKey": false,
          "notNull": true
        },
        "exam_date": {
          "name": "exam_date",
          "type": "date",
          "primaryKey": false,
          "notNull": false
        },
        "user_id": {
          "name": "user_id",
          "type": "serial",
          "primaryKey": false,
          "notNull": true
        }
      },
      "indexes": {
        "idx_user_id": {
          "name": "idx_user_id",
          "columns": [
            {
              "expression": "user_id",
              "isExpression": false,
              "asc": true,
              "nulls": "last"
            }
          ],
          "isUnique": false,
          "concurrently": false,
          "method": "btree",
          "with": {}
        }
      },
      "foreignKeys": {
        "entrance_exam_result_user_id_applied_user_id_fk": {
          "name": "entrance_exam_result_user_id_applied_user_id_fk",
          "tableFrom": "entrance_exam_result",
          "tableTo": "applied_user",
          "columnsFrom": [
            "user_id"
          ],
          "columnsTo": [
            "id"
          ],
          "onDelete": "no action",
          "onUpdate": "no action"
        }
      },
      "compositePrimaryKeys": {},
      "uniqueConstraints": {}
    }
  },
  "enums": {},
  "schemas": {},
  "sequences": {},
  "_meta": {
    "columns": {},
    "schemas": {},
    "tables": {}
  }
}